phaseID,numBTBEntries,entry_0_pc,entry_0_type,entry_1_pc,entry_1_type
0,55,800137de,1,80016fc6,2
1,4,80016fd0,0,80016fc6,2
2,4,80016fd0,0,80016fc6,2
3,4,80016fd0,0,80016fc6,2
4,4,80016fd0,0,80016fc6,2
5,4,80016fd0,0,80016fc6,2
6,4,80016fd0,0,80016fc6,2
7,4,80016fd0,0,80016fc6,2
8,4,80016fd0,0,80016fc6,2
9,4,80016fd0,0,80016fc6,2
10,4,80016fd0,0,80016fc6,2
11,4,80016fd0,0,80016fc6,2
12,4,80016fd0,0,80016fc6,2
13,4,80016fd0,0,80016fc6,2
14,4,80016fd0,0,80016fc6,2
15,4,80016fd0,0,80016fc6,2
16,4,80016fd0,0,80016fc6,2
17,4,80016fd0,0,80016fc6,2
18,4,80016fd0,0,80016fc6,2
19,4,80016fd0,0,80016fc6,2
20,4,80016fd0,0,80016fc6,2
21,4,80016fd0,0,80016fc6,2
22,4,80016fd0,0,80016fc6,2
23,4,80016fd0,0,80016fc6,2
24,4,80016fd0,0,80016fc6,2
25,4,80016fd0,0,80016fc6,2
26,4,80016fd0,0,80016fc6,2
27,4,80016fd0,0,80016fc6,2
28,4,80016fd0,0,80016fc6,2
29,4,80016fd0,0,80016fc6,2
30,4,80016fd0,0,80016fc6,2
31,4,80016fd0,0,80016fc6,2
32,4,80016fd0,0,80016fc6,2
33,4,80016fd0,0,80016fc6,2
34,4,80016fd0,0,80016fc6,2
35,4,80016fd0,0,80016fc6,2
36,4,80016fd0,0,80016fc6,2
37,4,80016fd0,0,80016fc6,2
38,4,80016fd0,0,80016fc6,2
39,4,80016fd0,0,80016fc6,2
40,4,80016fd0,0,80016fc6,2
41,4,80016fd0,0,80016fc6,2
42,4,80016fd0,0,80016fc6,2
43,4,80016fd0,0,80016fc6,2
44,4,80016fd0,0,80016fc6,2
45,4,80016fd0,0,80016fc6,2
46,4,80016fd0,0,80016fc6,2
47,4,80016fd0,0,80016fc6,2
48,4,80016fd0,0,80016fc6,2
49,4,80016fd0,0,80016fc6,2
50,4,80016fd0,0,80016fc6,2
51,4,80016fd0,0,80016fc6,2
52,4,80016fd0,0,80016fc6,2
53,4,80016fd0,0,80016fc6,2
54,4,80016fd0,0,80016fc6,2
55,4,80016fd0,0,80016fc6,2
56,4,80016fd0,0,80016fc6,2
57,4,80016fd0,0,80016fc6,2
58,4,80016fd0,0,80016fc6,2
59,4,80016fd0,0,80016fc6,2
60,4,80016fd0,0,80016fc6,2
61,4,80016fd0,0,80016fc6,2
62,4,80016fd0,0,80016fc6,2
63,4,80016fd0,0,80016fc6,2
64,4,80016fd0,0,80016fc6,2
65,4,80016fd0,0,80016fc6,2
66,4,80016fd0,0,80016fc6,2
67,4,80016fd0,0,80016fc6,2
68,4,80016fd0,0,80016fc6,2
69,4,80016fd0,0,80016fc6,2
70,4,80016fd0,0,80016fc6,2
71,4,80016fd0,0,80016fc6,2
72,4,80016fd0,0,80016fc6,2
73,4,80016fd0,0,80016fc6,2
74,4,80016fd0,0,80016fc6,2
75,4,80016fd0,0,80016fc6,2
76,4,80016fd0,0,80016fc6,2
77,4,80016fd0,0,80016fc6,2
78,4,80016fd0,0,80016fc6,2
79,4,80016fd0,0,80016fc6,2
80,4,80016fd0,0,80016fc6,2
81,4,80016fd0,0,80016fc6,2
82,4,80016fd0,0,80016fc6,2
83,4,80016fd0,0,80016fc6,2
84,4,80016fd0,0,80016fc6,2
85,4,80016fd0,0,80016fc6,2
86,4,80016fd0,0,80016fc6,2
87,4,80016fd0,0,80016fc6,2
88,4,80016fd0,0,80016fc6,2
89,4,80016fd0,0,80016fc6,2
90,4,80016fd0,0,80016fc6,2
91,4,80016fd0,0,80016fc6,2
92,4,80016fd0,0,80016fc6,2
93,4,80016fd0,0,80016fc6,2
94,4,80016fd0,0,80016fc6,2
95,4,80016fd0,0,80016fc6,2
96,4,80016fd0,0,80016fc6,2
97,4,80016fd0,0,80016fc6,2
98,4,80016fd0,0,80016fc6,2
99,4,80016fd0,0,80016fc6,2
100,4,80016fd0,0,80016fc6,2
101,4,80016fd0,0,80016fc6,2
102,4,80016fd0,0,80016fc6,2
103,4,80016fd0,0,80016fc6,2
104,4,80016fd0,0,80016fc6,2
105,4,80016fd0,0,80016fc6,2
106,4,80016fd0,0,80016fc6,2
107,4,80016fd0,0,80016fc6,2
108,4,80016fd0,0,80016fc6,2
109,4,80016fd0,0,80016fc6,2
110,4,80016fd0,0,80016fc6,2
111,4,80016fd0,0,80016fc6,2
112,4,80016fd0,0,80016fc6,2
113,4,80016fd0,0,80016fc6,2
114,4,80016fd0,0,80016fc6,2
115,4,80016fd0,0,80016fc6,2
116,4,80016fd0,0,80016fc6,2
117,4,80016fd0,0,80016fc6,2
118,4,80016fd0,0,80016fc6,2
119,4,80016fd0,0,80016fc6,2
120,4,80016fd0,0,80016fc6,2
121,4,80016fd0,0,80016fc6,2
122,4,80016fd0,0,80016fc6,2
123,4,80016fd0,0,80016fc6,2
124,4,80016fd0,0,80016fc6,2
125,4,80016fd0,0,80016fc6,2
126,4,80016fd0,0,80016fc6,2
127,4,80016fd0,0,80016fc6,2
128,4,80016fd0,0,80016fc6,2
129,4,80016fd0,0,80016fc6,2
130,4,80016fd0,0,80016fc6,2
131,4,80016fd0,0,80016fc6,2
132,4,80016fd0,0,80016fc6,2
133,4,80016fd0,0,80016fc6,2
134,4,80016fd0,0,80016fc6,2
135,4,80016fd0,0,80016fc6,2
136,4,80016fd0,0,80016fc6,2
137,4,80016fd0,0,80016fc6,2
138,4,80016fd0,0,80016fc6,2
139,4,80016fd0,0,80016fc6,2
140,4,80016fd0,0,80016fc6,2
141,4,80016fd0,0,80016fc6,2
142,4,80016fd0,0,80016fc6,2
143,4,80016fd0,0,80016fc6,2
144,4,80016fd0,0,80016fc6,2
145,4,80016fd0,0,80016fc6,2
146,4,80016fd0,0,80016fc6,2
147,4,80016fd0,0,80016fc6,2
148,4,80016fd0,0,80016fc6,2
149,4,80016fd0,0,80016fc6,2
150,4,80016fd0,0,80016fc6,2
151,4,80016fd0,0,80016fc6,2
152,4,80016fd0,0,80016fc6,2
153,4,80016fd0,0,80016fc6,2
154,4,80016fd0,0,80016fc6,2
155,4,80016fd0,0,80016fc6,2
156,4,80016fd0,0,80016fc6,2
157,4,80016fd0,0,80016fc6,2
158,4,80016fd0,0,80016fc6,2
159,4,80016fd0,0,80016fc6,2
160,4,80016fd0,0,80016fc6,2
161,4,80016fd0,0,80016fc6,2
162,4,80016fd0,0,80016fc6,2
163,4,80016fd0,0,80016fc6,2
164,4,80016fd0,0,80016fc6,2
165,4,80016fd0,0,80016fc6,2
166,4,80016fd0,0,80016fc6,2
167,4,80016fd0,0,80016fc6,2
168,4,80016fd0,0,80016fc6,2
169,4,80016fd0,0,80016fc6,2
170,4,80016fd0,0,80016fc6,2
171,4,80016fd0,0,80016fc6,2
172,4,80016fd0,0,80016fc6,2
173,4,80016fd0,0,80016fc6,2
174,4,80016fd0,0,80016fc6,2
175,4,80016fd0,0,80016fc6,2
176,4,80016fd0,0,80016fc6,2
177,4,80016fd0,0,80016fc6,2
178,4,80016fd0,0,80016fc6,2
179,4,80016fd0,0,80016fc6,2
180,4,80016fd0,0,80016fc6,2
181,4,80016fd0,0,80016fc6,2
182,4,80016fd0,0,80016fc6,2
183,4,80016fd0,0,80016fc6,2
184,4,80016fd0,0,80016fc6,2
185,4,80016fd0,0,80016fc6,2
186,4,80016fd0,0,80016fc6,2
187,4,80016fd0,0,80016fc6,2
188,4,80016fd0,0,80016fc6,2
189,4,80016fd0,0,80016fc6,2
190,4,80016fd0,0,80016fc6,2
191,4,80016fd0,0,80016fc6,2
192,4,80016fd0,0,80016fc6,2
193,4,80016fd0,0,80016fc6,2
194,4,80016fd0,0,80016fc6,2
195,4,80016fd0,0,80016fc6,2
196,4,80016fd0,0,80016fc6,2
197,4,80016fd0,0,80016fc6,2
198,4,80016fd0,0,80016fc6,2
199,4,80016fd0,0,80016fc6,2
200,4,80016fd0,0,80016fc6,2
201,4,80016fd0,0,80016fc6,2
202,4,80016fd0,0,80016fc6,2
203,4,80016fd0,0,80016fc6,2
204,4,80016fd0,0,80016fc6,2
205,4,80016fd0,0,80016fc6,2
206,4,80016fd0,0,80016fc6,2
207,4,80016fd0,0,80016fc6,2
208,4,80016fd0,0,80016fc6,2
209,4,80016fd0,0,80016fc6,2
210,4,80016fd0,0,80016fc6,2
211,4,80016fd0,0,80016fc6,2
212,4,80016fd0,0,80016fc6,2
213,4,80016fd0,0,80016fc6,2
214,4,80016fd0,0,80016fc6,2
215,4,80016fd0,0,80016fc6,2
216,4,80016fd0,0,80016fc6,2
217,4,80016fd0,0,80016fc6,2
218,4,80016fd0,0,80016fc6,2
219,4,80016fd0,0,80016fc6,2
220,4,80016fd0,0,80016fc6,2
221,4,80016fd0,0,80016fc6,2
222,4,80016fd0,0,80016fc6,2
223,4,80016fd0,0,80016fc6,2
224,4,80016fd0,0,80016fc6,2
225,4,80016fd0,0,80016fc6,2
226,4,80016fd0,0,80016fc6,2
227,4,80016fd0,0,80016fc6,2
228,4,80016fd0,0,80016fc6,2
229,4,80016fd0,0,80016fc6,2
230,4,80016fd0,0,80016fc6,2
231,4,80016fd0,0,80016fc6,2
232,4,80016fd0,0,80016fc6,2
233,4,80016fd0,0,80016fc6,2
234,4,80016fd0,0,80016fc6,2
235,4,80016fd0,0,80016fc6,2
236,4,80016fd0,0,80016fc6,2
237,4,80016fd0,0,80016fc6,2
238,4,80016fd0,0,80016fc6,2
239,4,80016fd0,0,80016fc6,2
240,4,80016fd0,0,80016fc6,2
241,4,80016fd0,0,80016fc6,2
242,4,80016fd0,0,80016fc6,2
243,4,80016fd0,0,80016fc6,2
244,4,80016fd0,0,80016fc6,2
245,4,80016fd0,0,80016fc6,2
246,4,80016fd0,0,80016fc6,2
247,4,80016fd0,0,80016fc6,2
248,4,80016fd0,0,80016fc6,2
249,4,80016fd0,0,80016fc6,2
250,4,80016fd0,0,80016fc6,2
251,4,80016fd0,0,80016fc6,2
252,4,80016fd0,0,80016fc6,2
253,4,80016fd0,0,80016fc6,2
254,4,80016fd0,0,80016fc6,2
255,4,80016fd0,0,80016fc6,2
256,4,80016fd0,0,80016fc6,2
257,4,80016fd0,0,80016fc6,2
258,4,80016fd0,0,80016fc6,2
259,4,80016fd0,0,80016fc6,2
260,4,80016fd0,0,80016fc6,2
261,4,80016fd0,0,80016fc6,2
262,4,80016fd0,0,80016fc6,2
263,4,80016fd0,0,80016fc6,2
264,4,80016fd0,0,80016fc6,2
265,4,80016fd0,0,80016fc6,2
266,4,80016fd0,0,80016fc6,2
267,4,80016fd0,0,80016fc6,2
268,4,80016fd0,0,80016fc6,2
269,4,80016fd0,0,80016fc6,2
270,4,80016fd0,0,80016fc6,2
271,4,80016fd0,0,80016fc6,2
272,4,80016fd0,0,80016fc6,2
273,4,80016fd0,0,80016fc6,2
274,4,80016fd0,0,80016fc6,2
275,4,80016fd0,0,80016fc6,2
276,4,80016fd0,0,80016fc6,2
277,4,80016fd0,0,80016fc6,2
278,4,80016fd0,0,80016fc6,2
279,4,80016fd0,0,80016fc6,2
280,4,80016fd0,0,80016fc6,2
281,4,80016fd0,0,80016fc6,2
282,4,80016fd0,0,80016fc6,2
283,4,80016fd0,0,80016fc6,2
284,4,80016fd0,0,80016fc6,2
285,4,80016fd0,0,80016fc6,2
286,4,80016fd0,0,80016fc6,2
287,4,80016fd0,0,80016fc6,2
288,4,80016fd0,0,80016fc6,2
289,4,80016fd0,0,80016fc6,2
290,4,80016fd0,0,80016fc6,2
291,4,80016fd0,0,80016fc6,2
292,4,80016fd0,0,80016fc6,2
293,4,80016fd0,0,80016fc6,2
294,4,80016fd0,0,80016fc6,2
295,4,80016fd0,0,80016fc6,2
296,4,80016fd0,0,80016fc6,2
297,4,80016fd0,0,80016fc6,2
298,4,80016fd0,0,80016fc6,2
299,4,80016fd0,0,80016fc6,2
300,4,80016fd0,0,80016fc6,2
301,4,80016fd0,0,80016fc6,2
302,4,80016fd0,0,80016fc6,2
303,4,80016fd0,0,80016fc6,2
304,4,80016fd0,0,80016fc6,2
305,4,80016fd0,0,80016fc6,2
306,4,80016fd0,0,80016fc6,2
307,4,80016fd0,0,80016fc6,2
308,4,80016fd0,0,80016fc6,2
309,4,80016fd0,0,80016fc6,2
310,4,80016fd0,0,80016fc6,2
311,4,80016fd0,0,80016fc6,2
312,4,80016fd0,0,80016fc6,2
313,4,80016fd0,0,80016fc6,2
314,4,80016fd0,0,80016fc6,2
315,4,80016fd0,0,80016fc6,2
316,4,80016fd0,0,80016fc6,2
317,4,80016fd0,0,80016fc6,2
318,4,80016fd0,0,80016fc6,2
319,4,80016fd0,0,80016fc6,2
320,4,80016fd0,0,80016fc6,2
321,4,80016fd0,0,80016fc6,2
322,4,80016fd0,0,80016fc6,2
323,4,80016fd0,0,80016fc6,2
324,4,80016fd0,0,80016fc6,2
325,4,80016fd0,0,80016fc6,2
326,4,80016fd0,0,80016fc6,2
327,4,80016fd0,0,80016fc6,2
328,4,80016fd0,0,80016fc6,2
329,4,80016fd0,0,80016fc6,2
330,4,80016fd0,0,80016fc6,2
331,4,80016fd0,0,80016fc6,2
332,4,80016fd0,0,80016fc6,2
333,4,80016fd0,0,80016fc6,2
334,4,80016fd0,0,80016fc6,2
335,4,80016fd0,0,80016fc6,2
336,4,80016fd0,0,80016fc6,2
337,4,80016fd0,0,80016fc6,2
338,4,80016fd0,0,80016fc6,2
339,4,80016fd0,0,80016fc6,2
340,4,80016fd0,0,80016fc6,2
341,4,80016fd0,0,80016fc6,2
342,4,80016fd0,0,80016fc6,2
343,4,80016fd0,0,80016fc6,2
344,4,80016fd0,0,80016fc6,2
345,4,80016fd0,0,80016fc6,2
346,4,80016fd0,0,80016fc6,2
347,4,80016fd0,0,80016fc6,2
348,4,80016fd0,0,80016fc6,2
349,4,80016fd0,0,80016fc6,2
350,4,80016fd0,0,80016fc6,2
351,4,80016fd0,0,80016fc6,2
352,4,80016fd0,0,80016fc6,2
353,4,80016fd0,0,80016fc6,2
354,4,80016fd0,0,80016fc6,2
355,4,80016fd0,0,80016fc6,2
356,4,80016fd0,0,80016fc6,2
357,4,80016fd0,0,80016fc6,2
358,4,80016fd0,0,80016fc6,2
359,4,80016fd0,0,80016fc6,2
360,4,80016fd0,0,80016fc6,2
361,4,80016fd0,0,80016fc6,2
362,4,80016fd0,0,80016fc6,2
363,4,80016fd0,0,80016fc6,2
364,4,80016fd0,0,80016fc6,2
365,4,80016fd0,0,80016fc6,2
366,4,80016fd0,0,80016fc6,2
367,4,80016fd0,0,80016fc6,2
368,4,80016fd0,0,80016fc6,2
369,4,80016fd0,0,80016fc6,2
370,4,80016fd0,0,80016fc6,2
371,4,80016fd0,0,80016fc6,2
372,4,80016fd0,0,80016fc6,2
373,4,80016fd0,0,80016fc6,2
374,4,80016fd0,0,80016fc6,2
375,4,80016fd0,0,80016fc6,2
376,4,80016fd0,0,80016fc6,2
377,4,80016fd0,0,80016fc6,2
378,4,80016fd0,0,80016fc6,2
379,4,80016fd0,0,80016fc6,2
380,4,80016fd0,0,80016fc6,2
381,4,80016fd0,0,80016fc6,2
382,4,80016fd0,0,80016fc6,2
383,4,80016fd0,0,80016fc6,2
384,4,80016fd0,0,80016fc6,2
385,4,80016fd0,0,80016fc6,2
386,4,80016fd0,0,80016fc6,2
387,4,80016fd0,0,80016fc6,2
388,4,80016fd0,0,80016fc6,2
389,4,80016fd0,0,80016fc6,2
390,4,80016fd0,0,80016fc6,2
391,4,80016fd0,0,80016fc6,2
392,4,80016fd0,0,80016fc6,2
393,4,80016fd0,0,80016fc6,2
394,4,80016fd0,0,80016fc6,2
395,4,80016fd0,0,80016fc6,2
396,4,80016fd0,0,80016fc6,2
397,4,80016fd0,0,80016fc6,2
398,4,80016fd0,0,80016fc6,2
399,4,80016fd0,0,80016fc6,2
