phaseID,0,1,2,3,4,5,6,7,8,9,10,11,12,13,14,15,16,17,18,19,20,21,22,23,24,25,26,27,28,29,30,31,32,average
0,0,6221,6222,6221,0,1,0,1,0,0,6224,2,4,6,3,5,5,6,2,5,3,0,4,2,0,2,2,2,1,2,0,0,0,4.00866
1,0,6250,6250,6250,0,0,0,0,0,0,6250,0,0,0,0,0,0,0,0,0,0,0,0,0,0,0,0,0,0,0,0,0,0,4
2,0,6250,6250,6250,0,0,0,0,0,0,6250,0,0,0,0,0,0,0,0,0,0,0,0,0,0,0,0,0,0,0,0,0,0,4
3,0,6250,6250,6250,0,0,0,0,0,0,6250,0,0,0,0,0,0,0,0,0,0,0,0,0,0,0,0,0,0,0,0,0,0,4
4,0,6250,6250,6250,0,0,0,0,0,0,6250,0,0,0,0,0,0,0,0,0,0,0,0,0,0,0,0,0,0,0,0,0,0,4
5,0,6250,6250,6250,0,0,0,0,0,0,6250,0,0,0,0,0,0,0,0,0,0,0,0,0,0,0,0,0,0,0,0,0,0,4
6,0,6250,6250,6250,0,0,0,0,0,0,6250,0,0,0,0,0,0,0,0,0,0,0,0,0,0,0,0,0,0,0,0,0,0,4
7,0,6250,6250,6250,0,0,0,0,0,0,6250,0,0,0,0,0,0,0,0,0,0,0,0,0,0,0,0,0,0,0,0,0,0,4
8,0,6250,6250,6250,0,0,0,0,0,0,6250,0,0,0,0,0,0,0,0,0,0,0,0,0,0,0,0,0,0,0,0,0,0,4
9,0,6250,6250,6250,0,0,0,0,0,0,6250,0,0,0,0,0,0,0,0,0,0,0,0,0,0,0,0,0,0,0,0,0,0,4
10,0,6250,6250,6250,0,0,0,0,0,0,6250,0,0,0,0,0,0,0,0,0,0,0,0,0,0,0,0,0,0,0,0,0,0,4
11,0,6250,6250,6250,0,0,0,0,0,0,6250,0,0,0,0,0,0,0,0,0,0,0,0,0,0,0,0,0,0,0,0,0,0,4
12,0,6250,6250,6250,0,0,0,0,0,0,6250,0,0,0,0,0,0,0,0,0,0,0,0,0,0,0,0,0,0,0,0,0,0,4
13,0,6250,6250,6250,0,0,0,0,0,0,6250,0,0,0,0,0,0,0,0,0,0,0,0,0,0,0,0,0,0,0,0,0,0,4
14,0,6250,6250,6250,0,0,0,0,0,0,6250,0,0,0,0,0,0,0,0,0,0,0,0,0,0,0,0,0,0,0,0,0,0,4
15,0,6250,6250,6250,0,0,0,0,0,0,6250,0,0,0,0,0,0,0,0,0,0,0,0,0,0,0,0,0,0,0,0,0,0,4
16,0,6250,6250,6250,0,0,0,0,0,0,6250,0,0,0,0,0,0,0,0,0,0,0,0,0,0,0,0,0,0,0,0,0,0,4
17,0,6250,6250,6250,0,0,0,0,0,0,6250,0,0,0,0,0,0,0,0,0,0,0,0,0,0,0,0,0,0,0,0,0,0,4
18,0,6250,6250,6250,0,0,0,0,0,0,6250,0,0,0,0,0,0,0,0,0,0,0,0,0,0,0,0,0,0,0,0,0,0,4
19,0,6250,6250,6250,0,0,0,0,0,0,6250,0,0,0,0,0,0,0,0,0,0,0,0,0,0,0,0,0,0,0,0,0,0,4
20,0,6250,6250,6250,0,0,0,0,0,0,6250,0,0,0,0,0,0,0,0,0,0,0,0,0,0,0,0,0,0,0,0,0,0,4
21,0,6250,6250,6250,0,0,0,0,0,0,6250,0,0,0,0,0,0,0,0,0,0,0,0,0,0,0,0,0,0,0,0,0,0,4
22,0,6250,6250,6250,0,0,0,0,0,0,6250,0,0,0,0,0,0,0,0,0,0,0,0,0,0,0,0,0,0,0,0,0,0,4
23,0,6250,6250,6250,0,0,0,0,0,0,6250,0,0,0,0,0,0,0,0,0,0,0,0,0,0,0,0,0,0,0,0,0,0,4
24,0,6250,6250,6250,0,0,0,0,0,0,6250,0,0,0,0,0,0,0,0,0,0,0,0,0,0,0,0,0,0,0,0,0,0,4
25,0,6250,6250,6250,0,0,0,0,0,0,6250,0,0,0,0,0,0,0,0,0,0,0,0,0,0,0,0,0,0,0,0,0,0,4
26,0,6250,6250,6250,0,0,0,0,0,0,6250,0,0,0,0,0,0,0,0,0,0,0,0,0,0,0,0,0,0,0,0,0,0,4
27,0,6250,6250,6250,0,0,0,0,0,0,6250,0,0,0,0,0,0,0,0,0,0,0,0,0,0,0,0,0,0,0,0,0,0,4
28,0,6250,6250,6250,0,0,0,0,0,0,6250,0,0,0,0,0,0,0,0,0,0,0,0,0,0,0,0,0,0,0,0,0,0,4
29,0,6250,6250,6250,0,0,0,0,0,0,6250,0,0,0,0,0,0,0,0,0,0,0,0,0,0,0,0,0,0,0,0,0,0,4
30,0,6250,6250,6250,0,0,0,0,0,0,6250,0,0,0,0,0,0,0,0,0,0,0,0,0,0,0,0,0,0,0,0,0,0,4
31,0,6250,6250,6250,0,0,0,0,0,0,6250,0,0,0,0,0,0,0,0,0,0,0,0,0,0,0,0,0,0,0,0,0,0,4
32,0,6250,6250,6250,0,0,0,0,0,0,6250,0,0,0,0,0,0,0,0,0,0,0,0,0,0,0,0,0,0,0,0,0,0,4
33,0,6250,6250,6250,0,0,0,0,0,0,6250,0,0,0,0,0,0,0,0,0,0,0,0,0,0,0,0,0,0,0,0,0,0,4
34,0,6250,6250,6250,0,0,0,0,0,0,6250,0,0,0,0,0,0,0,0,0,0,0,0,0,0,0,0,0,0,0,0,0,0,4
35,0,6250,6250,6250,0,0,0,0,0,0,6250,0,0,0,0,0,0,0,0,0,0,0,0,0,0,0,0,0,0,0,0,0,0,4
36,0,6250,6250,6250,0,0,0,0,0,0,6250,0,0,0,0,0,0,0,0,0,0,0,0,0,0,0,0,0,0,0,0,0,0,4
37,0,6250,6250,6250,0,0,0,0,0,0,6250,0,0,0,0,0,0,0,0,0,0,0,0,0,0,0,0,0,0,0,0,0,0,4
38,0,6250,6250,6250,0,0,0,0,0,0,6250,0,0,0,0,0,0,0,0,0,0,0,0,0,0,0,0,0,0,0,0,0,0,4
39,0,6250,6250,6250,0,0,0,0,0,0,6250,0,0,0,0,0,0,0,0,0,0,0,0,0,0,0,0,0,0,0,0,0,0,4
40,0,6250,6250,6250,0,0,0,0,0,0,6250,0,0,0,0,0,0,0,0,0,0,0,0,0,0,0,0,0,0,0,0,0,0,4
41,0,6250,6250,6250,0,0,0,0,0,0,6250,0,0,0,0,0,0,0,0,0,0,0,0,0,0,0,0,0,0,0,0,0,0,4
42,0,6250,6250,6250,0,0,0,0,0,0,6250,0,0,0,0,0,0,0,0,0,0,0,0,0,0,0,0,0,0,0,0,0,0,4
43,0,6250,6250,6250,0,0,0,0,0,0,6250,0,0,0,0,0,0,0,0,0,0,0,0,0,0,0,0,0,0,0,0,0,0,4
44,0,6250,6250,6250,0,0,0,0,0,0,6250,0,0,0,0,0,0,0,0,0,0,0,0,0,0,0,0,0,0,0,0,0,0,4
45,0,6250,6250,6250,0,0,0,0,0,0,6250,0,0,0,0,0,0,0,0,0,0,0,0,0,0,0,0,0,0,0,0,0,0,4
46,0,6250,6250,6250,0,0,0,0,0,0,6250,0,0,0,0,0,0,0,0,0,0,0,0,0,0,0,0,0,0,0,0,0,0,4
47,0,6250,6250,6250,0,0,0,0,0,0,6250,0,0,0,0,0,0,0,0,0,0,0,0,0,0,0,0,0,0,0,0,0,0,4
48,0,6250,6250,6250,0,0,0,0,0,0,6250,0,0,0,0,0,0,0,0,0,0,0,0,0,0,0,0,0,0,0,0,0,0,4
49,0,6250,6250,6250,0,0,0,0,0,0,6250,0,0,0,0,0,0,0,0,0,0,0,0,0,0,0,0,0,0,0,0,0,0,4
50,0,6250,6250,6250,0,0,0,0,0,0,6250,0,0,0,0,0,0,0,0,0,0,0,0,0,0,0,0,0,0,0,0,0,0,4
51,0,6250,6250,6250,0,0,0,0,0,0,6250,0,0,0,0,0,0,0,0,0,0,0,0,0,0,0,0,0,0,0,0,0,0,4
52,0,6250,6250,6250,0,0,0,0,0,0,6250,0,0,0,0,0,0,0,0,0,0,0,0,0,0,0,0,0,0,0,0,0,0,4
53,0,6250,6250,6250,0,0,0,0,0,0,6250,0,0,0,0,0,0,0,0,0,0,0,0,0,0,0,0,0,0,0,0,0,0,4
54,0,6250,6250,6250,0,0,0,0,0,0,6250,0,0,0,0,0,0,0,0,0,0,0,0,0,0,0,0,0,0,0,0,0,0,4
55,0,6250,6250,6250,0,0,0,0,0,0,6250,0,0,0,0,0,0,0,0,0,0,0,0,0,0,0,0,0,0,0,0,0,0,4
56,0,6250,6250,6250,0,0,0,0,0,0,6250,0,0,0,0,0,0,0,0,0,0,0,0,0,0,0,0,0,0,0,0,0,0,4
57,0,6250,6250,6250,0,0,0,0,0,0,6250,0,0,0,0,0,0,0,0,0,0,0,0,0,0,0,0,0,0,0,0,0,0,4
58,0,6250,6250,6250,0,0,0,0,0,0,6250,0,0,0,0,0,0,0,0,0,0,0,0,0,0,0,0,0,0,0,0,0,0,4
59,0,6250,6250,6250,0,0,0,0,0,0,6250,0,0,0,0,0,0,0,0,0,0,0,0,0,0,0,0,0,0,0,0,0,0,4
60,0,6250,6250,6250,0,0,0,0,0,0,6250,0,0,0,0,0,0,0,0,0,0,0,0,0,0,0,0,0,0,0,0,0,0,4
61,0,6250,6250,6250,0,0,0,0,0,0,6250,0,0,0,0,0,0,0,0,0,0,0,0,0,0,0,0,0,0,0,0,0,0,4
62,0,6250,6250,6250,0,0,0,0,0,0,6250,0,0,0,0,0,0,0,0,0,0,0,0,0,0,0,0,0,0,0,0,0,0,4
63,0,6250,6250,6250,0,0,0,0,0,0,6250,0,0,0,0,0,0,0,0,0,0,0,0,0,0,0,0,0,0,0,0,0,0,4
64,0,6250,6250,6250,0,0,0,0,0,0,6250,0,0,0,0,0,0,0,0,0,0,0,0,0,0,0,0,0,0,0,0,0,0,4
65,0,6250,6250,6250,0,0,0,0,0,0,6250,0,0,0,0,0,0,0,0,0,0,0,0,0,0,0,0,0,0,0,0,0,0,4
66,0,6250,6250,6250,0,0,0,0,0,0,6250,0,0,0,0,0,0,0,0,0,0,0,0,0,0,0,0,0,0,0,0,0,0,4
67,0,6250,6250,6250,0,0,0,0,0,0,6250,0,0,0,0,0,0,0,0,0,0,0,0,0,0,0,0,0,0,0,0,0,0,4
68,0,6250,6250,6250,0,0,0,0,0,0,6250,0,0,0,0,0,0,0,0,0,0,0,0,0,0,0,0,0,0,0,0,0,0,4
69,0,6250,6250,6250,0,0,0,0,0,0,6250,0,0,0,0,0,0,0,0,0,0,0,0,0,0,0,0,0,0,0,0,0,0,4
70,0,6250,6250,6250,0,0,0,0,0,0,6250,0,0,0,0,0,0,0,0,0,0,0,0,0,0,0,0,0,0,0,0,0,0,4
71,0,6250,6250,6250,0,0,0,0,0,0,6250,0,0,0,0,0,0,0,0,0,0,0,0,0,0,0,0,0,0,0,0,0,0,4
72,0,6250,6250,6250,0,0,0,0,0,0,6250,0,0,0,0,0,0,0,0,0,0,0,0,0,0,0,0,0,0,0,0,0,0,4
73,0,6250,6250,6250,0,0,0,0,0,0,6250,0,0,0,0,0,0,0,0,0,0,0,0,0,0,0,0,0,0,0,0,0,0,4
74,0,6250,6250,6250,0,0,0,0,0,0,6250,0,0,0,0,0,0,0,0,0,0,0,0,0,0,0,0,0,0,0,0,0,0,4
75,0,6250,6250,6250,0,0,0,0,0,0,6250,0,0,0,0,0,0,0,0,0,0,0,0,0,0,0,0,0,0,0,0,0,0,4
76,0,6250,6250,6250,0,0,0,0,0,0,6250,0,0,0,0,0,0,0,0,0,0,0,0,0,0,0,0,0,0,0,0,0,0,4
77,0,6250,6250,6250,0,0,0,0,0,0,6250,0,0,0,0,0,0,0,0,0,0,0,0,0,0,0,0,0,0,0,0,0,0,4
78,0,6250,6250,6250,0,0,0,0,0,0,6250,0,0,0,0,0,0,0,0,0,0,0,0,0,0,0,0,0,0,0,0,0,0,4
79,0,6250,6250,6250,0,0,0,0,0,0,6250,0,0,0,0,0,0,0,0,0,0,0,0,0,0,0,0,0,0,0,0,0,0,4
80,0,6250,6250,6250,0,0,0,0,0,0,6250,0,0,0,0,0,0,0,0,0,0,0,0,0,0,0,0,0,0,0,0,0,0,4
81,0,6250,6250,6250,0,0,0,0,0,0,6250,0,0,0,0,0,0,0,0,0,0,0,0,0,0,0,0,0,0,0,0,0,0,4
82,0,6250,6250,6250,0,0,0,0,0,0,6250,0,0,0,0,0,0,0,0,0,0,0,0,0,0,0,0,0,0,0,0,0,0,4
83,0,6250,6250,6250,0,0,0,0,0,0,6250,0,0,0,0,0,0,0,0,0,0,0,0,0,0,0,0,0,0,0,0,0,0,4
84,0,6250,6250,6250,0,0,0,0,0,0,6250,0,0,0,0,0,0,0,0,0,0,0,0,0,0,0,0,0,0,0,0,0,0,4
85,0,6250,6250,6250,0,0,0,0,0,0,6250,0,0,0,0,0,0,0,0,0,0,0,0,0,0,0,0,0,0,0,0,0,0,4
86,0,6250,6250,6250,0,0,0,0,0,0,6250,0,0,0,0,0,0,0,0,0,0,0,0,0,0,0,0,0,0,0,0,0,0,4
87,0,6250,6250,6250,0,0,0,0,0,0,6250,0,0,0,0,0,0,0,0,0,0,0,0,0,0,0,0,0,0,0,0,0,0,4
88,0,6250,6250,6250,0,0,0,0,0,0,6250,0,0,0,0,0,0,0,0,0,0,0,0,0,0,0,0,0,0,0,0,0,0,4
89,0,6250,6250,6250,0,0,0,0,0,0,6250,0,0,0,0,0,0,0,0,0,0,0,0,0,0,0,0,0,0,0,0,0,0,4
90,0,6250,6250,6250,0,0,0,0,0,0,6250,0,0,0,0,0,0,0,0,0,0,0,0,0,0,0,0,0,0,0,0,0,0,4
91,0,6250,6250,6250,0,0,0,0,0,0,6250,0,0,0,0,0,0,0,0,0,0,0,0,0,0,0,0,0,0,0,0,0,0,4
92,0,6250,6250,6250,0,0,0,0,0,0,6250,0,0,0,0,0,0,0,0,0,0,0,0,0,0,0,0,0,0,0,0,0,0,4
93,0,6250,6250,6250,0,0,0,0,0,0,6250,0,0,0,0,0,0,0,0,0,0,0,0,0,0,0,0,0,0,0,0,0,0,4
94,0,6250,6250,6250,0,0,0,0,0,0,6250,0,0,0,0,0,0,0,0,0,0,0,0,0,0,0,0,0,0,0,0,0,0,4
95,0,6250,6250,6250,0,0,0,0,0,0,6250,0,0,0,0,0,0,0,0,0,0,0,0,0,0,0,0,0,0,0,0,0,0,4
96,0,6250,6250,6250,0,0,0,0,0,0,6250,0,0,0,0,0,0,0,0,0,0,0,0,0,0,0,0,0,0,0,0,0,0,4
97,0,6250,6250,6250,0,0,0,0,0,0,6250,0,0,0,0,0,0,0,0,0,0,0,0,0,0,0,0,0,0,0,0,0,0,4
98,0,6250,6250,6250,0,0,0,0,0,0,6250,0,0,0,0,0,0,0,0,0,0,0,0,0,0,0,0,0,0,0,0,0,0,4
99,0,6250,6250,6250,0,0,0,0,0,0,6250,0,0,0,0,0,0,0,0,0,0,0,0,0,0,0,0,0,0,0,0,0,0,4
100,0,6250,6250,6250,0,0,0,0,0,0,6250,0,0,0,0,0,0,0,0,0,0,0,0,0,0,0,0,0,0,0,0,0,0,4
101,0,6250,6250,6250,0,0,0,0,0,0,6250,0,0,0,0,0,0,0,0,0,0,0,0,0,0,0,0,0,0,0,0,0,0,4
102,0,6250,6250,6250,0,0,0,0,0,0,6250,0,0,0,0,0,0,0,0,0,0,0,0,0,0,0,0,0,0,0,0,0,0,4
103,0,6250,6250,6250,0,0,0,0,0,0,6250,0,0,0,0,0,0,0,0,0,0,0,0,0,0,0,0,0,0,0,0,0,0,4
104,0,6250,6250,6250,0,0,0,0,0,0,6250,0,0,0,0,0,0,0,0,0,0,0,0,0,0,0,0,0,0,0,0,0,0,4
105,0,6250,6250,6250,0,0,0,0,0,0,6250,0,0,0,0,0,0,0,0,0,0,0,0,0,0,0,0,0,0,0,0,0,0,4
106,0,6250,6250,6250,0,0,0,0,0,0,6250,0,0,0,0,0,0,0,0,0,0,0,0,0,0,0,0,0,0,0,0,0,0,4
107,0,6250,6250,6250,0,0,0,0,0,0,6250,0,0,0,0,0,0,0,0,0,0,0,0,0,0,0,0,0,0,0,0,0,0,4
108,0,6250,6250,6250,0,0,0,0,0,0,6250,0,0,0,0,0,0,0,0,0,0,0,0,0,0,0,0,0,0,0,0,0,0,4
109,0,6250,6250,6250,0,0,0,0,0,0,6250,0,0,0,0,0,0,0,0,0,0,0,0,0,0,0,0,0,0,0,0,0,0,4
110,0,6250,6250,6250,0,0,0,0,0,0,6250,0,0,0,0,0,0,0,0,0,0,0,0,0,0,0,0,0,0,0,0,0,0,4
111,0,6250,6250,6250,0,0,0,0,0,0,6250,0,0,0,0,0,0,0,0,0,0,0,0,0,0,0,0,0,0,0,0,0,0,4
112,0,6250,6250,6250,0,0,0,0,0,0,6250,0,0,0,0,0,0,0,0,0,0,0,0,0,0,0,0,0,0,0,0,0,0,4
113,0,6250,6250,6250,0,0,0,0,0,0,6250,0,0,0,0,0,0,0,0,0,0,0,0,0,0,0,0,0,0,0,0,0,0,4
114,0,6250,6250,6250,0,0,0,0,0,0,6250,0,0,0,0,0,0,0,0,0,0,0,0,0,0,0,0,0,0,0,0,0,0,4
115,0,6250,6250,6250,0,0,0,0,0,0,6250,0,0,0,0,0,0,0,0,0,0,0,0,0,0,0,0,0,0,0,0,0,0,4
116,0,6250,6250,6250,0,0,0,0,0,0,6250,0,0,0,0,0,0,0,0,0,0,0,0,0,0,0,0,0,0,0,0,0,0,4
117,0,6250,6250,6250,0,0,0,0,0,0,6250,0,0,0,0,0,0,0,0,0,0,0,0,0,0,0,0,0,0,0,0,0,0,4
118,0,6250,6250,6250,0,0,0,0,0,0,6250,0,0,0,0,0,0,0,0,0,0,0,0,0,0,0,0,0,0,0,0,0,0,4
119,0,6250,6250,6250,0,0,0,0,0,0,6250,0,0,0,0,0,0,0,0,0,0,0,0,0,0,0,0,0,0,0,0,0,0,4
120,0,6250,6250,6250,0,0,0,0,0,0,6250,0,0,0,0,0,0,0,0,0,0,0,0,0,0,0,0,0,0,0,0,0,0,4
121,0,6250,6250,6250,0,0,0,0,0,0,6250,0,0,0,0,0,0,0,0,0,0,0,0,0,0,0,0,0,0,0,0,0,0,4
122,0,6250,6250,6250,0,0,0,0,0,0,6250,0,0,0,0,0,0,0,0,0,0,0,0,0,0,0,0,0,0,0,0,0,0,4
123,0,6250,6250,6250,0,0,0,0,0,0,6250,0,0,0,0,0,0,0,0,0,0,0,0,0,0,0,0,0,0,0,0,0,0,4
124,0,6250,6250,6250,0,0,0,0,0,0,6250,0,0,0,0,0,0,0,0,0,0,0,0,0,0,0,0,0,0,0,0,0,0,4
125,0,6250,6250,6250,0,0,0,0,0,0,6250,0,0,0,0,0,0,0,0,0,0,0,0,0,0,0,0,0,0,0,0,0,0,4
126,0,6250,6250,6250,0,0,0,0,0,0,6250,0,0,0,0,0,0,0,0,0,0,0,0,0,0,0,0,0,0,0,0,0,0,4
127,0,6250,6250,6250,0,0,0,0,0,0,6250,0,0,0,0,0,0,0,0,0,0,0,0,0,0,0,0,0,0,0,0,0,0,4
128,0,6250,6250,6250,0,0,0,0,0,0,6250,0,0,0,0,0,0,0,0,0,0,0,0,0,0,0,0,0,0,0,0,0,0,4
129,0,6250,6250,6250,0,0,0,0,0,0,6250,0,0,0,0,0,0,0,0,0,0,0,0,0,0,0,0,0,0,0,0,0,0,4
130,0,6250,6250,6250,0,0,0,0,0,0,6250,0,0,0,0,0,0,0,0,0,0,0,0,0,0,0,0,0,0,0,0,0,0,4
131,0,6250,6250,6250,0,0,0,0,0,0,6250,0,0,0,0,0,0,0,0,0,0,0,0,0,0,0,0,0,0,0,0,0,0,4
132,0,6250,6250,6250,0,0,0,0,0,0,6250,0,0,0,0,0,0,0,0,0,0,0,0,0,0,0,0,0,0,0,0,0,0,4
133,0,6250,6250,6250,0,0,0,0,0,0,6250,0,0,0,0,0,0,0,0,0,0,0,0,0,0,0,0,0,0,0,0,0,0,4
134,0,6250,6250,6250,0,0,0,0,0,0,6250,0,0,0,0,0,0,0,0,0,0,0,0,0,0,0,0,0,0,0,0,0,0,4
135,0,6250,6250,6250,0,0,0,0,0,0,6250,0,0,0,0,0,0,0,0,0,0,0,0,0,0,0,0,0,0,0,0,0,0,4
136,0,6250,6250,6250,0,0,0,0,0,0,6250,0,0,0,0,0,0,0,0,0,0,0,0,0,0,0,0,0,0,0,0,0,0,4
137,0,6250,6250,6250,0,0,0,0,0,0,6250,0,0,0,0,0,0,0,0,0,0,0,0,0,0,0,0,0,0,0,0,0,0,4
138,0,6250,6250,6250,0,0,0,0,0,0,6250,0,0,0,0,0,0,0,0,0,0,0,0,0,0,0,0,0,0,0,0,0,0,4
139,0,6250,6250,6250,0,0,0,0,0,0,6250,0,0,0,0,0,0,0,0,0,0,0,0,0,0,0,0,0,0,0,0,0,0,4
140,0,6250,6250,6250,0,0,0,0,0,0,6250,0,0,0,0,0,0,0,0,0,0,0,0,0,0,0,0,0,0,0,0,0,0,4
141,0,6250,6250,6250,0,0,0,0,0,0,6250,0,0,0,0,0,0,0,0,0,0,0,0,0,0,0,0,0,0,0,0,0,0,4
142,0,6250,6250,6250,0,0,0,0,0,0,6250,0,0,0,0,0,0,0,0,0,0,0,0,0,0,0,0,0,0,0,0,0,0,4
143,0,6250,6250,6250,0,0,0,0,0,0,6250,0,0,0,0,0,0,0,0,0,0,0,0,0,0,0,0,0,0,0,0,0,0,4
144,0,6250,6250,6250,0,0,0,0,0,0,6250,0,0,0,0,0,0,0,0,0,0,0,0,0,0,0,0,0,0,0,0,0,0,4
145,0,6250,6250,6250,0,0,0,0,0,0,6250,0,0,0,0,0,0,0,0,0,0,0,0,0,0,0,0,0,0,0,0,0,0,4
146,0,6250,6250,6250,0,0,0,0,0,0,6250,0,0,0,0,0,0,0,0,0,0,0,0,0,0,0,0,0,0,0,0,0,0,4
147,0,6250,6250,6250,0,0,0,0,0,0,6250,0,0,0,0,0,0,0,0,0,0,0,0,0,0,0,0,0,0,0,0,0,0,4
148,0,6250,6250,6250,0,0,0,0,0,0,6250,0,0,0,0,0,0,0,0,0,0,0,0,0,0,0,0,0,0,0,0,0,0,4
149,0,6250,6250,6250,0,0,0,0,0,0,6250,0,0,0,0,0,0,0,0,0,0,0,0,0,0,0,0,0,0,0,0,0,0,4
150,0,6250,6250,6250,0,0,0,0,0,0,6250,0,0,0,0,0,0,0,0,0,0,0,0,0,0,0,0,0,0,0,0,0,0,4
151,0,6250,6250,6250,0,0,0,0,0,0,6250,0,0,0,0,0,0,0,0,0,0,0,0,0,0,0,0,0,0,0,0,0,0,4
152,0,6250,6250,6250,0,0,0,0,0,0,6250,0,0,0,0,0,0,0,0,0,0,0,0,0,0,0,0,0,0,0,0,0,0,4
153,0,6250,6250,6250,0,0,0,0,0,0,6250,0,0,0,0,0,0,0,0,0,0,0,0,0,0,0,0,0,0,0,0,0,0,4
154,0,6250,6250,6250,0,0,0,0,0,0,6250,0,0,0,0,0,0,0,0,0,0,0,0,0,0,0,0,0,0,0,0,0,0,4
155,0,6250,6250,6250,0,0,0,0,0,0,6250,0,0,0,0,0,0,0,0,0,0,0,0,0,0,0,0,0,0,0,0,0,0,4
156,0,6250,6250,6250,0,0,0,0,0,0,6250,0,0,0,0,0,0,0,0,0,0,0,0,0,0,0,0,0,0,0,0,0,0,4
157,0,6250,6250,6250,0,0,0,0,0,0,6250,0,0,0,0,0,0,0,0,0,0,0,0,0,0,0,0,0,0,0,0,0,0,4
158,0,6250,6250,6250,0,0,0,0,0,0,6250,0,0,0,0,0,0,0,0,0,0,0,0,0,0,0,0,0,0,0,0,0,0,4
159,0,6250,6250,6250,0,0,0,0,0,0,6250,0,0,0,0,0,0,0,0,0,0,0,0,0,0,0,0,0,0,0,0,0,0,4
160,0,6250,6250,6250,0,0,0,0,0,0,6250,0,0,0,0,0,0,0,0,0,0,0,0,0,0,0,0,0,0,0,0,0,0,4
161,0,6250,6250,6250,0,0,0,0,0,0,6250,0,0,0,0,0,0,0,0,0,0,0,0,0,0,0,0,0,0,0,0,0,0,4
162,0,6250,6250,6250,0,0,0,0,0,0,6250,0,0,0,0,0,0,0,0,0,0,0,0,0,0,0,0,0,0,0,0,0,0,4
163,0,6250,6250,6250,0,0,0,0,0,0,6250,0,0,0,0,0,0,0,0,0,0,0,0,0,0,0,0,0,0,0,0,0,0,4
164,0,6250,6250,6250,0,0,0,0,0,0,6250,0,0,0,0,0,0,0,0,0,0,0,0,0,0,0,0,0,0,0,0,0,0,4
165,0,6250,6250,6250,0,0,0,0,0,0,6250,0,0,0,0,0,0,0,0,0,0,0,0,0,0,0,0,0,0,0,0,0,0,4
166,0,6250,6250,6250,0,0,0,0,0,0,6250,0,0,0,0,0,0,0,0,0,0,0,0,0,0,0,0,0,0,0,0,0,0,4
167,0,6250,6250,6250,0,0,0,0,0,0,6250,0,0,0,0,0,0,0,0,0,0,0,0,0,0,0,0,0,0,0,0,0,0,4
168,0,6250,6250,6250,0,0,0,0,0,0,6250,0,0,0,0,0,0,0,0,0,0,0,0,0,0,0,0,0,0,0,0,0,0,4
169,0,6250,6250,6250,0,0,0,0,0,0,6250,0,0,0,0,0,0,0,0,0,0,0,0,0,0,0,0,0,0,0,0,0,0,4
170,0,6250,6250,6250,0,0,0,0,0,0,6250,0,0,0,0,0,0,0,0,0,0,0,0,0,0,0,0,0,0,0,0,0,0,4
171,0,6250,6250,6250,0,0,0,0,0,0,6250,0,0,0,0,0,0,0,0,0,0,0,0,0,0,0,0,0,0,0,0,0,0,4
172,0,6250,6250,6250,0,0,0,0,0,0,6250,0,0,0,0,0,0,0,0,0,0,0,0,0,0,0,0,0,0,0,0,0,0,4
173,0,6250,6250,6250,0,0,0,0,0,0,6250,0,0,0,0,0,0,0,0,0,0,0,0,0,0,0,0,0,0,0,0,0,0,4
174,0,6250,6250,6250,0,0,0,0,0,0,6250,0,0,0,0,0,0,0,0,0,0,0,0,0,0,0,0,0,0,0,0,0,0,4
175,0,6250,6250,6250,0,0,0,0,0,0,6250,0,0,0,0,0,0,0,0,0,0,0,0,0,0,0,0,0,0,0,0,0,0,4
176,0,6250,6250,6250,0,0,0,0,0,0,6250,0,0,0,0,0,0,0,0,0,0,0,0,0,0,0,0,0,0,0,0,0,0,4
177,0,6250,6250,6250,0,0,0,0,0,0,6250,0,0,0,0,0,0,0,0,0,0,0,0,0,0,0,0,0,0,0,0,0,0,4
178,0,6250,6250,6250,0,0,0,0,0,0,6250,0,0,0,0,0,0,0,0,0,0,0,0,0,0,0,0,0,0,0,0,0,0,4
179,0,6250,6250,6250,0,0,0,0,0,0,6250,0,0,0,0,0,0,0,0,0,0,0,0,0,0,0,0,0,0,0,0,0,0,4
180,0,6250,6250,6250,0,0,0,0,0,0,6250,0,0,0,0,0,0,0,0,0,0,0,0,0,0,0,0,0,0,0,0,0,0,4
181,0,6250,6250,6250,0,0,0,0,0,0,6250,0,0,0,0,0,0,0,0,0,0,0,0,0,0,0,0,0,0,0,0,0,0,4
182,0,6250,6250,6250,0,0,0,0,0,0,6250,0,0,0,0,0,0,0,0,0,0,0,0,0,0,0,0,0,0,0,0,0,0,4
183,0,6250,6250,6250,0,0,0,0,0,0,6250,0,0,0,0,0,0,0,0,0,0,0,0,0,0,0,0,0,0,0,0,0,0,4
184,0,6250,6250,6250,0,0,0,0,0,0,6250,0,0,0,0,0,0,0,0,0,0,0,0,0,0,0,0,0,0,0,0,0,0,4
185,0,6250,6250,6250,0,0,0,0,0,0,6250,0,0,0,0,0,0,0,0,0,0,0,0,0,0,0,0,0,0,0,0,0,0,4
186,0,6250,6250,6250,0,0,0,0,0,0,6250,0,0,0,0,0,0,0,0,0,0,0,0,0,0,0,0,0,0,0,0,0,0,4
187,0,6250,6250,6250,0,0,0,0,0,0,6250,0,0,0,0,0,0,0,0,0,0,0,0,0,0,0,0,0,0,0,0,0,0,4
188,0,6250,6250,6250,0,0,0,0,0,0,6250,0,0,0,0,0,0,0,0,0,0,0,0,0,0,0,0,0,0,0,0,0,0,4
189,0,6250,6250,6250,0,0,0,0,0,0,6250,0,0,0,0,0,0,0,0,0,0,0,0,0,0,0,0,0,0,0,0,0,0,4
190,0,6250,6250,6250,0,0,0,0,0,0,6250,0,0,0,0,0,0,0,0,0,0,0,0,0,0,0,0,0,0,0,0,0,0,4
191,0,6250,6250,6250,0,0,0,0,0,0,6250,0,0,0,0,0,0,0,0,0,0,0,0,0,0,0,0,0,0,0,0,0,0,4
192,0,6250,6250,6250,0,0,0,0,0,0,6250,0,0,0,0,0,0,0,0,0,0,0,0,0,0,0,0,0,0,0,0,0,0,4
193,0,6250,6250,6250,0,0,0,0,0,0,6250,0,0,0,0,0,0,0,0,0,0,0,0,0,0,0,0,0,0,0,0,0,0,4
194,0,6250,6250,6250,0,0,0,0,0,0,6250,0,0,0,0,0,0,0,0,0,0,0,0,0,0,0,0,0,0,0,0,0,0,4
195,0,6250,6250,6250,0,0,0,0,0,0,6250,0,0,0,0,0,0,0,0,0,0,0,0,0,0,0,0,0,0,0,0,0,0,4
196,0,6250,6250,6250,0,0,0,0,0,0,6250,0,0,0,0,0,0,0,0,0,0,0,0,0,0,0,0,0,0,0,0,0,0,4
197,0,6250,6250,6250,0,0,0,0,0,0,6250,0,0,0,0,0,0,0,0,0,0,0,0,0,0,0,0,0,0,0,0,0,0,4
198,0,6250,6250,6250,0,0,0,0,0,0,6250,0,0,0,0,0,0,0,0,0,0,0,0,0,0,0,0,0,0,0,0,0,0,4
199,0,6250,6250,6250,0,0,0,0,0,0,6250,0,0,0,0,0,0,0,0,0,0,0,0,0,0,0,0,0,0,0,0,0,0,4
200,0,6250,6250,6250,0,0,0,0,0,0,6250,0,0,0,0,0,0,0,0,0,0,0,0,0,0,0,0,0,0,0,0,0,0,4
201,0,6250,6250,6250,0,0,0,0,0,0,6250,0,0,0,0,0,0,0,0,0,0,0,0,0,0,0,0,0,0,0,0,0,0,4
202,0,6250,6250,6250,0,0,0,0,0,0,6250,0,0,0,0,0,0,0,0,0,0,0,0,0,0,0,0,0,0,0,0,0,0,4
203,0,6250,6250,6250,0,0,0,0,0,0,6250,0,0,0,0,0,0,0,0,0,0,0,0,0,0,0,0,0,0,0,0,0,0,4
204,0,6250,6250,6250,0,0,0,0,0,0,6250,0,0,0,0,0,0,0,0,0,0,0,0,0,0,0,0,0,0,0,0,0,0,4
205,0,6250,6250,6250,0,0,0,0,0,0,6250,0,0,0,0,0,0,0,0,0,0,0,0,0,0,0,0,0,0,0,0,0,0,4
206,0,6250,6250,6250,0,0,0,0,0,0,6250,0,0,0,0,0,0,0,0,0,0,0,0,0,0,0,0,0,0,0,0,0,0,4
207,0,6250,6250,6250,0,0,0,0,0,0,6250,0,0,0,0,0,0,0,0,0,0,0,0,0,0,0,0,0,0,0,0,0,0,4
208,0,6250,6250,6250,0,0,0,0,0,0,6250,0,0,0,0,0,0,0,0,0,0,0,0,0,0,0,0,0,0,0,0,0,0,4
209,0,6250,6250,6250,0,0,0,0,0,0,6250,0,0,0,0,0,0,0,0,0,0,0,0,0,0,0,0,0,0,0,0,0,0,4
210,0,6250,6250,6250,0,0,0,0,0,0,6250,0,0,0,0,0,0,0,0,0,0,0,0,0,0,0,0,0,0,0,0,0,0,4
211,0,6250,6250,6250,0,0,0,0,0,0,6250,0,0,0,0,0,0,0,0,0,0,0,0,0,0,0,0,0,0,0,0,0,0,4
212,0,6250,6250,6250,0,0,0,0,0,0,6250,0,0,0,0,0,0,0,0,0,0,0,0,0,0,0,0,0,0,0,0,0,0,4
213,0,6250,6250,6250,0,0,0,0,0,0,6250,0,0,0,0,0,0,0,0,0,0,0,0,0,0,0,0,0,0,0,0,0,0,4
214,0,6250,6250,6250,0,0,0,0,0,0,6250,0,0,0,0,0,0,0,0,0,0,0,0,0,0,0,0,0,0,0,0,0,0,4
215,0,6250,6250,6250,0,0,0,0,0,0,6250,0,0,0,0,0,0,0,0,0,0,0,0,0,0,0,0,0,0,0,0,0,0,4
216,0,6250,6250,6250,0,0,0,0,0,0,6250,0,0,0,0,0,0,0,0,0,0,0,0,0,0,0,0,0,0,0,0,0,0,4
217,0,6250,6250,6250,0,0,0,0,0,0,6250,0,0,0,0,0,0,0,0,0,0,0,0,0,0,0,0,0,0,0,0,0,0,4
218,0,6250,6250,6250,0,0,0,0,0,0,6250,0,0,0,0,0,0,0,0,0,0,0,0,0,0,0,0,0,0,0,0,0,0,4
219,0,6250,6250,6250,0,0,0,0,0,0,6250,0,0,0,0,0,0,0,0,0,0,0,0,0,0,0,0,0,0,0,0,0,0,4
220,0,6250,6250,6250,0,0,0,0,0,0,6250,0,0,0,0,0,0,0,0,0,0,0,0,0,0,0,0,0,0,0,0,0,0,4
221,0,6250,6250,6250,0,0,0,0,0,0,6250,0,0,0,0,0,0,0,0,0,0,0,0,0,0,0,0,0,0,0,0,0,0,4
222,0,6250,6250,6250,0,0,0,0,0,0,6250,0,0,0,0,0,0,0,0,0,0,0,0,0,0,0,0,0,0,0,0,0,0,4
223,0,6250,6250,6250,0,0,0,0,0,0,6250,0,0,0,0,0,0,0,0,0,0,0,0,0,0,0,0,0,0,0,0,0,0,4
224,0,6250,6250,6250,0,0,0,0,0,0,6250,0,0,0,0,0,0,0,0,0,0,0,0,0,0,0,0,0,0,0,0,0,0,4
225,0,6250,6250,6250,0,0,0,0,0,0,6250,0,0,0,0,0,0,0,0,0,0,0,0,0,0,0,0,0,0,0,0,0,0,4
226,0,6250,6250,6250,0,0,0,0,0,0,6250,0,0,0,0,0,0,0,0,0,0,0,0,0,0,0,0,0,0,0,0,0,0,4
227,0,6250,6250,6250,0,0,0,0,0,0,6250,0,0,0,0,0,0,0,0,0,0,0,0,0,0,0,0,0,0,0,0,0,0,4
228,0,6250,6250,6250,0,0,0,0,0,0,6250,0,0,0,0,0,0,0,0,0,0,0,0,0,0,0,0,0,0,0,0,0,0,4
229,0,6250,6250,6250,0,0,0,0,0,0,6250,0,0,0,0,0,0,0,0,0,0,0,0,0,0,0,0,0,0,0,0,0,0,4
230,0,6250,6250,6250,0,0,0,0,0,0,6250,0,0,0,0,0,0,0,0,0,0,0,0,0,0,0,0,0,0,0,0,0,0,4
231,0,6250,6250,6250,0,0,0,0,0,0,6250,0,0,0,0,0,0,0,0,0,0,0,0,0,0,0,0,0,0,0,0,0,0,4
232,0,6250,6250,6250,0,0,0,0,0,0,6250,0,0,0,0,0,0,0,0,0,0,0,0,0,0,0,0,0,0,0,0,0,0,4
233,0,6250,6250,6250,0,0,0,0,0,0,6250,0,0,0,0,0,0,0,0,0,0,0,0,0,0,0,0,0,0,0,0,0,0,4
234,0,6250,6250,6250,0,0,0,0,0,0,6250,0,0,0,0,0,0,0,0,0,0,0,0,0,0,0,0,0,0,0,0,0,0,4
235,0,6250,6250,6250,0,0,0,0,0,0,6250,0,0,0,0,0,0,0,0,0,0,0,0,0,0,0,0,0,0,0,0,0,0,4
236,0,6250,6250,6250,0,0,0,0,0,0,6250,0,0,0,0,0,0,0,0,0,0,0,0,0,0,0,0,0,0,0,0,0,0,4
237,0,6250,6250,6250,0,0,0,0,0,0,6250,0,0,0,0,0,0,0,0,0,0,0,0,0,0,0,0,0,0,0,0,0,0,4
238,0,6250,6250,6250,0,0,0,0,0,0,6250,0,0,0,0,0,0,0,0,0,0,0,0,0,0,0,0,0,0,0,0,0,0,4
239,0,6250,6250,6250,0,0,0,0,0,0,6250,0,0,0,0,0,0,0,0,0,0,0,0,0,0,0,0,0,0,0,0,0,0,4
240,0,6250,6250,6250,0,0,0,0,0,0,6250,0,0,0,0,0,0,0,0,0,0,0,0,0,0,0,0,0,0,0,0,0,0,4
241,0,6250,6250,6250,0,0,0,0,0,0,6250,0,0,0,0,0,0,0,0,0,0,0,0,0,0,0,0,0,0,0,0,0,0,4
242,0,6250,6250,6250,0,0,0,0,0,0,6250,0,0,0,0,0,0,0,0,0,0,0,0,0,0,0,0,0,0,0,0,0,0,4
243,0,6250,6250,6250,0,0,0,0,0,0,6250,0,0,0,0,0,0,0,0,0,0,0,0,0,0,0,0,0,0,0,0,0,0,4
244,0,6250,6250,6250,0,0,0,0,0,0,6250,0,0,0,0,0,0,0,0,0,0,0,0,0,0,0,0,0,0,0,0,0,0,4
245,0,6250,6250,6250,0,0,0,0,0,0,6250,0,0,0,0,0,0,0,0,0,0,0,0,0,0,0,0,0,0,0,0,0,0,4
246,0,6250,6250,6250,0,0,0,0,0,0,6250,0,0,0,0,0,0,0,0,0,0,0,0,0,0,0,0,0,0,0,0,0,0,4
247,0,6250,6250,6250,0,0,0,0,0,0,6250,0,0,0,0,0,0,0,0,0,0,0,0,0,0,0,0,0,0,0,0,0,0,4
248,0,6250,6250,6250,0,0,0,0,0,0,6250,0,0,0,0,0,0,0,0,0,0,0,0,0,0,0,0,0,0,0,0,0,0,4
249,0,6250,6250,6250,0,0,0,0,0,0,6250,0,0,0,0,0,0,0,0,0,0,0,0,0,0,0,0,0,0,0,0,0,0,4
250,0,6250,6250,6250,0,0,0,0,0,0,6250,0,0,0,0,0,0,0,0,0,0,0,0,0,0,0,0,0,0,0,0,0,0,4
251,0,6250,6250,6250,0,0,0,0,0,0,6250,0,0,0,0,0,0,0,0,0,0,0,0,0,0,0,0,0,0,0,0,0,0,4
252,0,6250,6250,6250,0,0,0,0,0,0,6250,0,0,0,0,0,0,0,0,0,0,0,0,0,0,0,0,0,0,0,0,0,0,4
253,0,6250,6250,6250,0,0,0,0,0,0,6250,0,0,0,0,0,0,0,0,0,0,0,0,0,0,0,0,0,0,0,0,0,0,4
254,0,6250,6250,6250,0,0,0,0,0,0,6250,0,0,0,0,0,0,0,0,0,0,0,0,0,0,0,0,0,0,0,0,0,0,4
255,0,6250,6250,6250,0,0,0,0,0,0,6250,0,0,0,0,0,0,0,0,0,0,0,0,0,0,0,0,0,0,0,0,0,0,4
256,0,6250,6250,6250,0,0,0,0,0,0,6250,0,0,0,0,0,0,0,0,0,0,0,0,0,0,0,0,0,0,0,0,0,0,4
257,0,6250,6250,6250,0,0,0,0,0,0,6250,0,0,0,0,0,0,0,0,0,0,0,0,0,0,0,0,0,0,0,0,0,0,4
258,0,6250,6250,6250,0,0,0,0,0,0,6250,0,0,0,0,0,0,0,0,0,0,0,0,0,0,0,0,0,0,0,0,0,0,4
259,0,6250,6250,6250,0,0,0,0,0,0,6250,0,0,0,0,0,0,0,0,0,0,0,0,0,0,0,0,0,0,0,0,0,0,4
260,0,6250,6250,6250,0,0,0,0,0,0,6250,0,0,0,0,0,0,0,0,0,0,0,0,0,0,0,0,0,0,0,0,0,0,4
261,0,6250,6250,6250,0,0,0,0,0,0,6250,0,0,0,0,0,0,0,0,0,0,0,0,0,0,0,0,0,0,0,0,0,0,4
262,0,6250,6250,6250,0,0,0,0,0,0,6250,0,0,0,0,0,0,0,0,0,0,0,0,0,0,0,0,0,0,0,0,0,0,4
263,0,6250,6250,6250,0,0,0,0,0,0,6250,0,0,0,0,0,0,0,0,0,0,0,0,0,0,0,0,0,0,0,0,0,0,4
264,0,6250,6250,6250,0,0,0,0,0,0,6250,0,0,0,0,0,0,0,0,0,0,0,0,0,0,0,0,0,0,0,0,0,0,4
265,0,6250,6250,6250,0,0,0,0,0,0,6250,0,0,0,0,0,0,0,0,0,0,0,0,0,0,0,0,0,0,0,0,0,0,4
266,0,6250,6250,6250,0,0,0,0,0,0,6250,0,0,0,0,0,0,0,0,0,0,0,0,0,0,0,0,0,0,0,0,0,0,4
267,0,6250,6250,6250,0,0,0,0,0,0,6250,0,0,0,0,0,0,0,0,0,0,0,0,0,0,0,0,0,0,0,0,0,0,4
268,0,6250,6250,6250,0,0,0,0,0,0,6250,0,0,0,0,0,0,0,0,0,0,0,0,0,0,0,0,0,0,0,0,0,0,4
269,0,6250,6250,6250,0,0,0,0,0,0,6250,0,0,0,0,0,0,0,0,0,0,0,0,0,0,0,0,0,0,0,0,0,0,4
270,0,6250,6250,6250,0,0,0,0,0,0,6250,0,0,0,0,0,0,0,0,0,0,0,0,0,0,0,0,0,0,0,0,0,0,4
271,0,6250,6250,6250,0,0,0,0,0,0,6250,0,0,0,0,0,0,0,0,0,0,0,0,0,0,0,0,0,0,0,0,0,0,4
272,0,6250,6250,6250,0,0,0,0,0,0,6250,0,0,0,0,0,0,0,0,0,0,0,0,0,0,0,0,0,0,0,0,0,0,4
273,0,6250,6250,6250,0,0,0,0,0,0,6250,0,0,0,0,0,0,0,0,0,0,0,0,0,0,0,0,0,0,0,0,0,0,4
274,0,6250,6250,6250,0,0,0,0,0,0,6250,0,0,0,0,0,0,0,0,0,0,0,0,0,0,0,0,0,0,0,0,0,0,4
275,0,6250,6250,6250,0,0,0,0,0,0,6250,0,0,0,0,0,0,0,0,0,0,0,0,0,0,0,0,0,0,0,0,0,0,4
276,0,6250,6250,6250,0,0,0,0,0,0,6250,0,0,0,0,0,0,0,0,0,0,0,0,0,0,0,0,0,0,0,0,0,0,4
277,0,6250,6250,6250,0,0,0,0,0,0,6250,0,0,0,0,0,0,0,0,0,0,0,0,0,0,0,0,0,0,0,0,0,0,4
278,0,6250,6250,6250,0,0,0,0,0,0,6250,0,0,0,0,0,0,0,0,0,0,0,0,0,0,0,0,0,0,0,0,0,0,4
279,0,6250,6250,6250,0,0,0,0,0,0,6250,0,0,0,0,0,0,0,0,0,0,0,0,0,0,0,0,0,0,0,0,0,0,4
280,0,6250,6250,6250,0,0,0,0,0,0,6250,0,0,0,0,0,0,0,0,0,0,0,0,0,0,0,0,0,0,0,0,0,0,4
281,0,6250,6250,6250,0,0,0,0,0,0,6250,0,0,0,0,0,0,0,0,0,0,0,0,0,0,0,0,0,0,0,0,0,0,4
282,0,6250,6250,6250,0,0,0,0,0,0,6250,0,0,0,0,0,0,0,0,0,0,0,0,0,0,0,0,0,0,0,0,0,0,4
283,0,6250,6250,6250,0,0,0,0,0,0,6250,0,0,0,0,0,0,0,0,0,0,0,0,0,0,0,0,0,0,0,0,0,0,4
284,0,6250,6250,6250,0,0,0,0,0,0,6250,0,0,0,0,0,0,0,0,0,0,0,0,0,0,0,0,0,0,0,0,0,0,4
285,0,6250,6250,6250,0,0,0,0,0,0,6250,0,0,0,0,0,0,0,0,0,0,0,0,0,0,0,0,0,0,0,0,0,0,4
286,0,6250,6250,6250,0,0,0,0,0,0,6250,0,0,0,0,0,0,0,0,0,0,0,0,0,0,0,0,0,0,0,0,0,0,4
287,0,6250,6250,6250,0,0,0,0,0,0,6250,0,0,0,0,0,0,0,0,0,0,0,0,0,0,0,0,0,0,0,0,0,0,4
288,0,6250,6250,6250,0,0,0,0,0,0,6250,0,0,0,0,0,0,0,0,0,0,0,0,0,0,0,0,0,0,0,0,0,0,4
289,0,6250,6250,6250,0,0,0,0,0,0,6250,0,0,0,0,0,0,0,0,0,0,0,0,0,0,0,0,0,0,0,0,0,0,4
290,0,6250,6250,6250,0,0,0,0,0,0,6250,0,0,0,0,0,0,0,0,0,0,0,0,0,0,0,0,0,0,0,0,0,0,4
291,0,6250,6250,6250,0,0,0,0,0,0,6250,0,0,0,0,0,0,0,0,0,0,0,0,0,0,0,0,0,0,0,0,0,0,4
292,0,6250,6250,6250,0,0,0,0,0,0,6250,0,0,0,0,0,0,0,0,0,0,0,0,0,0,0,0,0,0,0,0,0,0,4
293,0,6250,6250,6250,0,0,0,0,0,0,6250,0,0,0,0,0,0,0,0,0,0,0,0,0,0,0,0,0,0,0,0,0,0,4
294,0,6250,6250,6250,0,0,0,0,0,0,6250,0,0,0,0,0,0,0,0,0,0,0,0,0,0,0,0,0,0,0,0,0,0,4
295,0,6250,6250,6250,0,0,0,0,0,0,6250,0,0,0,0,0,0,0,0,0,0,0,0,0,0,0,0,0,0,0,0,0,0,4
296,0,6250,6250,6250,0,0,0,0,0,0,6250,0,0,0,0,0,0,0,0,0,0,0,0,0,0,0,0,0,0,0,0,0,0,4
297,0,6250,6250,6250,0,0,0,0,0,0,6250,0,0,0,0,0,0,0,0,0,0,0,0,0,0,0,0,0,0,0,0,0,0,4
298,0,6250,6250,6250,0,0,0,0,0,0,6250,0,0,0,0,0,0,0,0,0,0,0,0,0,0,0,0,0,0,0,0,0,0,4
299,0,6250,6250,6250,0,0,0,0,0,0,6250,0,0,0,0,0,0,0,0,0,0,0,0,0,0,0,0,0,0,0,0,0,0,4
300,0,6250,6250,6250,0,0,0,0,0,0,6250,0,0,0,0,0,0,0,0,0,0,0,0,0,0,0,0,0,0,0,0,0,0,4
301,0,6250,6250,6250,0,0,0,0,0,0,6250,0,0,0,0,0,0,0,0,0,0,0,0,0,0,0,0,0,0,0,0,0,0,4
302,0,6250,6250,6250,0,0,0,0,0,0,6250,0,0,0,0,0,0,0,0,0,0,0,0,0,0,0,0,0,0,0,0,0,0,4
303,0,6250,6250,6250,0,0,0,0,0,0,6250,0,0,0,0,0,0,0,0,0,0,0,0,0,0,0,0,0,0,0,0,0,0,4
304,0,6250,6250,6250,0,0,0,0,0,0,6250,0,0,0,0,0,0,0,0,0,0,0,0,0,0,0,0,0,0,0,0,0,0,4
305,0,6250,6250,6250,0,0,0,0,0,0,6250,0,0,0,0,0,0,0,0,0,0,0,0,0,0,0,0,0,0,0,0,0,0,4
306,0,6250,6250,6250,0,0,0,0,0,0,6250,0,0,0,0,0,0,0,0,0,0,0,0,0,0,0,0,0,0,0,0,0,0,4
307,0,6250,6250,6250,0,0,0,0,0,0,6250,0,0,0,0,0,0,0,0,0,0,0,0,0,0,0,0,0,0,0,0,0,0,4
308,0,6250,6250,6250,0,0,0,0,0,0,6250,0,0,0,0,0,0,0,0,0,0,0,0,0,0,0,0,0,0,0,0,0,0,4
309,0,6250,6250,6250,0,0,0,0,0,0,6250,0,0,0,0,0,0,0,0,0,0,0,0,0,0,0,0,0,0,0,0,0,0,4
310,0,6250,6250,6250,0,0,0,0,0,0,6250,0,0,0,0,0,0,0,0,0,0,0,0,0,0,0,0,0,0,0,0,0,0,4
311,0,6250,6250,6250,0,0,0,0,0,0,6250,0,0,0,0,0,0,0,0,0,0,0,0,0,0,0,0,0,0,0,0,0,0,4
312,0,6250,6250,6250,0,0,0,0,0,0,6250,0,0,0,0,0,0,0,0,0,0,0,0,0,0,0,0,0,0,0,0,0,0,4
313,0,6250,6250,6250,0,0,0,0,0,0,6250,0,0,0,0,0,0,0,0,0,0,0,0,0,0,0,0,0,0,0,0,0,0,4
314,0,6250,6250,6250,0,0,0,0,0,0,6250,0,0,0,0,0,0,0,0,0,0,0,0,0,0,0,0,0,0,0,0,0,0,4
315,0,6250,6250,6250,0,0,0,0,0,0,6250,0,0,0,0,0,0,0,0,0,0,0,0,0,0,0,0,0,0,0,0,0,0,4
316,0,6250,6250,6250,0,0,0,0,0,0,6250,0,0,0,0,0,0,0,0,0,0,0,0,0,0,0,0,0,0,0,0,0,0,4
317,0,6250,6250,6250,0,0,0,0,0,0,6250,0,0,0,0,0,0,0,0,0,0,0,0,0,0,0,0,0,0,0,0,0,0,4
318,0,6250,6250,6250,0,0,0,0,0,0,6250,0,0,0,0,0,0,0,0,0,0,0,0,0,0,0,0,0,0,0,0,0,0,4
319,0,6250,6250,6250,0,0,0,0,0,0,6250,0,0,0,0,0,0,0,0,0,0,0,0,0,0,0,0,0,0,0,0,0,0,4
320,0,6250,6250,6250,0,0,0,0,0,0,6250,0,0,0,0,0,0,0,0,0,0,0,0,0,0,0,0,0,0,0,0,0,0,4
321,0,6250,6250,6250,0,0,0,0,0,0,6250,0,0,0,0,0,0,0,0,0,0,0,0,0,0,0,0,0,0,0,0,0,0,4
322,0,6250,6250,6250,0,0,0,0,0,0,6250,0,0,0,0,0,0,0,0,0,0,0,0,0,0,0,0,0,0,0,0,0,0,4
323,0,6250,6250,6250,0,0,0,0,0,0,6250,0,0,0,0,0,0,0,0,0,0,0,0,0,0,0,0,0,0,0,0,0,0,4
324,0,6250,6250,6250,0,0,0,0,0,0,6250,0,0,0,0,0,0,0,0,0,0,0,0,0,0,0,0,0,0,0,0,0,0,4
325,0,6250,6250,6250,0,0,0,0,0,0,6250,0,0,0,0,0,0,0,0,0,0,0,0,0,0,0,0,0,0,0,0,0,0,4
326,0,6250,6250,6250,0,0,0,0,0,0,6250,0,0,0,0,0,0,0,0,0,0,0,0,0,0,0,0,0,0,0,0,0,0,4
327,0,6250,6250,6250,0,0,0,0,0,0,6250,0,0,0,0,0,0,0,0,0,0,0,0,0,0,0,0,0,0,0,0,0,0,4
328,0,6250,6250,6250,0,0,0,0,0,0,6250,0,0,0,0,0,0,0,0,0,0,0,0,0,0,0,0,0,0,0,0,0,0,4
329,0,6250,6250,6250,0,0,0,0,0,0,6250,0,0,0,0,0,0,0,0,0,0,0,0,0,0,0,0,0,0,0,0,0,0,4
330,0,6250,6250,6250,0,0,0,0,0,0,6250,0,0,0,0,0,0,0,0,0,0,0,0,0,0,0,0,0,0,0,0,0,0,4
331,0,6250,6250,6250,0,0,0,0,0,0,6250,0,0,0,0,0,0,0,0,0,0,0,0,0,0,0,0,0,0,0,0,0,0,4
332,0,6250,6250,6250,0,0,0,0,0,0,6250,0,0,0,0,0,0,0,0,0,0,0,0,0,0,0,0,0,0,0,0,0,0,4
333,0,6250,6250,6250,0,0,0,0,0,0,6250,0,0,0,0,0,0,0,0,0,0,0,0,0,0,0,0,0,0,0,0,0,0,4
334,0,6250,6250,6250,0,0,0,0,0,0,6250,0,0,0,0,0,0,0,0,0,0,0,0,0,0,0,0,0,0,0,0,0,0,4
335,0,6250,6250,6250,0,0,0,0,0,0,6250,0,0,0,0,0,0,0,0,0,0,0,0,0,0,0,0,0,0,0,0,0,0,4
336,0,6250,6250,6250,0,0,0,0,0,0,6250,0,0,0,0,0,0,0,0,0,0,0,0,0,0,0,0,0,0,0,0,0,0,4
337,0,6250,6250,6250,0,0,0,0,0,0,6250,0,0,0,0,0,0,0,0,0,0,0,0,0,0,0,0,0,0,0,0,0,0,4
338,0,6250,6250,6250,0,0,0,0,0,0,6250,0,0,0,0,0,0,0,0,0,0,0,0,0,0,0,0,0,0,0,0,0,0,4
339,0,6250,6250,6250,0,0,0,0,0,0,6250,0,0,0,0,0,0,0,0,0,0,0,0,0,0,0,0,0,0,0,0,0,0,4
340,0,6250,6250,6250,0,0,0,0,0,0,6250,0,0,0,0,0,0,0,0,0,0,0,0,0,0,0,0,0,0,0,0,0,0,4
341,0,6250,6250,6250,0,0,0,0,0,0,6250,0,0,0,0,0,0,0,0,0,0,0,0,0,0,0,0,0,0,0,0,0,0,4
342,0,6250,6250,6250,0,0,0,0,0,0,6250,0,0,0,0,0,0,0,0,0,0,0,0,0,0,0,0,0,0,0,0,0,0,4
343,0,6250,6250,6250,0,0,0,0,0,0,6250,0,0,0,0,0,0,0,0,0,0,0,0,0,0,0,0,0,0,0,0,0,0,4
344,0,6250,6250,6250,0,0,0,0,0,0,6250,0,0,0,0,0,0,0,0,0,0,0,0,0,0,0,0,0,0,0,0,0,0,4
345,0,6250,6250,6250,0,0,0,0,0,0,6250,0,0,0,0,0,0,0,0,0,0,0,0,0,0,0,0,0,0,0,0,0,0,4
346,0,6250,6250,6250,0,0,0,0,0,0,6250,0,0,0,0,0,0,0,0,0,0,0,0,0,0,0,0,0,0,0,0,0,0,4
347,0,6250,6250,6250,0,0,0,0,0,0,6250,0,0,0,0,0,0,0,0,0,0,0,0,0,0,0,0,0,0,0,0,0,0,4
348,0,6250,6250,6250,0,0,0,0,0,0,6250,0,0,0,0,0,0,0,0,0,0,0,0,0,0,0,0,0,0,0,0,0,0,4
349,0,6250,6250,6250,0,0,0,0,0,0,6250,0,0,0,0,0,0,0,0,0,0,0,0,0,0,0,0,0,0,0,0,0,0,4
350,0,6250,6250,6250,0,0,0,0,0,0,6250,0,0,0,0,0,0,0,0,0,0,0,0,0,0,0,0,0,0,0,0,0,0,4
351,0,6250,6250,6250,0,0,0,0,0,0,6250,0,0,0,0,0,0,0,0,0,0,0,0,0,0,0,0,0,0,0,0,0,0,4
352,0,6250,6250,6250,0,0,0,0,0,0,6250,0,0,0,0,0,0,0,0,0,0,0,0,0,0,0,0,0,0,0,0,0,0,4
353,0,6250,6250,6250,0,0,0,0,0,0,6250,0,0,0,0,0,0,0,0,0,0,0,0,0,0,0,0,0,0,0,0,0,0,4
354,0,6250,6250,6250,0,0,0,0,0,0,6250,0,0,0,0,0,0,0,0,0,0,0,0,0,0,0,0,0,0,0,0,0,0,4
355,0,6250,6250,6250,0,0,0,0,0,0,6250,0,0,0,0,0,0,0,0,0,0,0,0,0,0,0,0,0,0,0,0,0,0,4
356,0,6250,6250,6250,0,0,0,0,0,0,6250,0,0,0,0,0,0,0,0,0,0,0,0,0,0,0,0,0,0,0,0,0,0,4
357,0,6250,6250,6250,0,0,0,0,0,0,6250,0,0,0,0,0,0,0,0,0,0,0,0,0,0,0,0,0,0,0,0,0,0,4
358,0,6250,6250,6250,0,0,0,0,0,0,6250,0,0,0,0,0,0,0,0,0,0,0,0,0,0,0,0,0,0,0,0,0,0,4
359,0,6250,6250,6250,0,0,0,0,0,0,6250,0,0,0,0,0,0,0,0,0,0,0,0,0,0,0,0,0,0,0,0,0,0,4
360,0,6250,6250,6250,0,0,0,0,0,0,6250,0,0,0,0,0,0,0,0,0,0,0,0,0,0,0,0,0,0,0,0,0,0,4
361,0,6250,6250,6250,0,0,0,0,0,0,6250,0,0,0,0,0,0,0,0,0,0,0,0,0,0,0,0,0,0,0,0,0,0,4
362,0,6250,6250,6250,0,0,0,0,0,0,6250,0,0,0,0,0,0,0,0,0,0,0,0,0,0,0,0,0,0,0,0,0,0,4
363,0,6250,6250,6250,0,0,0,0,0,0,6250,0,0,0,0,0,0,0,0,0,0,0,0,0,0,0,0,0,0,0,0,0,0,4
364,0,6250,6250,6250,0,0,0,0,0,0,6250,0,0,0,0,0,0,0,0,0,0,0,0,0,0,0,0,0,0,0,0,0,0,4
365,0,6250,6250,6250,0,0,0,0,0,0,6250,0,0,0,0,0,0,0,0,0,0,0,0,0,0,0,0,0,0,0,0,0,0,4
366,0,6250,6250,6250,0,0,0,0,0,0,6250,0,0,0,0,0,0,0,0,0,0,0,0,0,0,0,0,0,0,0,0,0,0,4
367,0,6250,6250,6250,0,0,0,0,0,0,6250,0,0,0,0,0,0,0,0,0,0,0,0,0,0,0,0,0,0,0,0,0,0,4
368,0,6250,6250,6250,0,0,0,0,0,0,6250,0,0,0,0,0,0,0,0,0,0,0,0,0,0,0,0,0,0,0,0,0,0,4
369,0,6250,6250,6250,0,0,0,0,0,0,6250,0,0,0,0,0,0,0,0,0,0,0,0,0,0,0,0,0,0,0,0,0,0,4
370,0,6250,6250,6250,0,0,0,0,0,0,6250,0,0,0,0,0,0,0,0,0,0,0,0,0,0,0,0,0,0,0,0,0,0,4
371,0,6250,6250,6250,0,0,0,0,0,0,6250,0,0,0,0,0,0,0,0,0,0,0,0,0,0,0,0,0,0,0,0,0,0,4
372,0,6250,6250,6250,0,0,0,0,0,0,6250,0,0,0,0,0,0,0,0,0,0,0,0,0,0,0,0,0,0,0,0,0,0,4
373,0,6250,6250,6250,0,0,0,0,0,0,6250,0,0,0,0,0,0,0,0,0,0,0,0,0,0,0,0,0,0,0,0,0,0,4
374,0,6250,6250,6250,0,0,0,0,0,0,6250,0,0,0,0,0,0,0,0,0,0,0,0,0,0,0,0,0,0,0,0,0,0,4
375,0,6250,6250,6250,0,0,0,0,0,0,6250,0,0,0,0,0,0,0,0,0,0,0,0,0,0,0,0,0,0,0,0,0,0,4
376,0,6250,6250,6250,0,0,0,0,0,0,6250,0,0,0,0,0,0,0,0,0,0,0,0,0,0,0,0,0,0,0,0,0,0,4
377,0,6250,6250,6250,0,0,0,0,0,0,6250,0,0,0,0,0,0,0,0,0,0,0,0,0,0,0,0,0,0,0,0,0,0,4
378,0,6250,6250,6250,0,0,0,0,0,0,6250,0,0,0,0,0,0,0,0,0,0,0,0,0,0,0,0,0,0,0,0,0,0,4
379,0,6250,6250,6250,0,0,0,0,0,0,6250,0,0,0,0,0,0,0,0,0,0,0,0,0,0,0,0,0,0,0,0,0,0,4
380,0,6250,6250,6250,0,0,0,0,0,0,6250,0,0,0,0,0,0,0,0,0,0,0,0,0,0,0,0,0,0,0,0,0,0,4
381,0,6250,6250,6250,0,0,0,0,0,0,6250,0,0,0,0,0,0,0,0,0,0,0,0,0,0,0,0,0,0,0,0,0,0,4
382,0,6250,6250,6250,0,0,0,0,0,0,6250,0,0,0,0,0,0,0,0,0,0,0,0,0,0,0,0,0,0,0,0,0,0,4
383,0,6250,6250,6250,0,0,0,0,0,0,6250,0,0,0,0,0,0,0,0,0,0,0,0,0,0,0,0,0,0,0,0,0,0,4
384,0,6250,6250,6250,0,0,0,0,0,0,6250,0,0,0,0,0,0,0,0,0,0,0,0,0,0,0,0,0,0,0,0,0,0,4
385,0,6250,6250,6250,0,0,0,0,0,0,6250,0,0,0,0,0,0,0,0,0,0,0,0,0,0,0,0,0,0,0,0,0,0,4
386,0,6250,6250,6250,0,0,0,0,0,0,6250,0,0,0,0,0,0,0,0,0,0,0,0,0,0,0,0,0,0,0,0,0,0,4
387,0,6250,6250,6250,0,0,0,0,0,0,6250,0,0,0,0,0,0,0,0,0,0,0,0,0,0,0,0,0,0,0,0,0,0,4
388,0,6250,6250,6250,0,0,0,0,0,0,6250,0,0,0,0,0,0,0,0,0,0,0,0,0,0,0,0,0,0,0,0,0,0,4
389,0,6250,6250,6250,0,0,0,0,0,0,6250,0,0,0,0,0,0,0,0,0,0,0,0,0,0,0,0,0,0,0,0,0,0,4
390,0,6250,6250,6250,0,0,0,0,0,0,6250,0,0,0,0,0,0,0,0,0,0,0,0,0,0,0,0,0,0,0,0,0,0,4
391,0,6250,6250,6250,0,0,0,0,0,0,6250,0,0,0,0,0,0,0,0,0,0,0,0,0,0,0,0,0,0,0,0,0,0,4
392,0,6250,6250,6250,0,0,0,0,0,0,6250,0,0,0,0,0,0,0,0,0,0,0,0,0,0,0,0,0,0,0,0,0,0,4
393,0,6250,6250,6250,0,0,0,0,0,0,6250,0,0,0,0,0,0,0,0,0,0,0,0,0,0,0,0,0,0,0,0,0,0,4
394,0,6250,6250,6250,0,0,0,0,0,0,6250,0,0,0,0,0,0,0,0,0,0,0,0,0,0,0,0,0,0,0,0,0,0,4
395,0,6250,6250,6250,0,0,0,0,0,0,6250,0,0,0,0,0,0,0,0,0,0,0,0,0,0,0,0,0,0,0,0,0,0,4
396,0,6250,6250,6250,0,0,0,0,0,0,6250,0,0,0,0,0,0,0,0,0,0,0,0,0,0,0,0,0,0,0,0,0,0,4
397,0,6250,6250,6250,0,0,0,0,0,0,6250,0,0,0,0,0,0,0,0,0,0,0,0,0,0,0,0,0,0,0,0,0,0,4
398,0,6250,6250,6250,0,0,0,0,0,0,6250,0,0,0,0,0,0,0,0,0,0,0,0,0,0,0,0,0,0,0,0,0,0,4
399,0,6250,6250,6250,0,0,0,0,0,0,6250,0,0,0,0,0,0,0,0,0,0,0,0,0,0,0,0,0,0,0,0,0,0,4
